x1,x2,x3,x4,x5
-0.6019111580226838,4.818460644786971,0.8076391026322063,-4.094878702889039,9.703466384674465
-0.9877739237337481,4.125686470092574,0.7003791718017149,-3.7693516521592483,8.44573760505679
0.5715034058678768,4.8512445352142635,0.07248843353664958,-5.153011424071368,9.182682588445001
-1.4280234517844321,3.6864858598949506,3.05681056339721,-3.505917889527381,7.372020911232129
0.14777262380905573,4.966140796196079,3.5284215551293143,-4.6545639037249575,10.048475431379696
-0.04520625160069731,2.5371331833515622,1.909597478536691,-2.2520525694717075,5.446723238141049
-0.7868144293915967,4.02121841665391,1.1938413150520417,-3.292962922916659,7.682167300043227
0.5458094854793027,2.9357733934149266,0.039958494958088675,-2.7517319915468836,6.063056499330905
1.0211311377983636,2.293907649147756,0.1858116299924415,-2.2244624590401134,3.9955671017012206
-0.10855581550686282,2.853256665496467,2.386697494116399,-2.9183454145823626,4.813105342831662
-0.2652725903234833,3.7398086880091697,1.8212427759933156,-3.4510407372653056,7.1158393468611845
-1.9103894819544178,5.152285769296597,3.2092735826306407,-4.891580181223655,10.500209924594591
-1.2288030814427624,4.840268029077199,2.5674927120902153,-4.57341239650093,10.421154234045092
0.45272169210675317,3.7335613615195458,0.8022112355691022,-4.146711188486567,7.962915585448714
0.289003201600446,5.805327673126685,0.6583732300762981,-5.199872924841671,11.78876598043471
0.08850043160607333,4.747196812604809,2.1291660208081113,-4.467758090819955,9.727946250820114
-0.5651612358041326,2.936813518300114,0.005000698588811581,-3.4993458531952486,6.5715635824742185
-0.9142249385212587,4.693454098138126,3.531008543739655,-4.902425925938987,9.086956303836725
-1.4503595994051552,3.7696220602037678,1.8191184351120762,-3.6670127877914473,7.99549071517391
-0.9423335205559559,3.6453460036487995,0.9844245606202566,-4.285513358644929,6.6537006654547515
-0.3814532693667031,4.714867413031149,2.413030284727773,-5.071881790294555,9.372918721193567
-1.3266518057928105,3.0375484617909256,0.8696112541889072,-2.544069106992386,5.62780165096286
-0.20884068283563012,1.9615508555992123,0.8066613214689515,-1.8898465787907253,3.7910111966368407
-0.6714667877952302,4.6982015897774945,2.2516432858917668,-4.1964026596804835,9.76491446568707
1.0440864799896292,2.847731156484408,3.5180706025820765,-2.7566277413108766,5.834292031374952
1.2796994824327745,4.438515331357501,1.6105243367204332,-4.077892387393232,8.574084072066547
-1.0343333921816125,4.270515602572481,1.4002835031426963,-4.184236372405483,8.341555328922741
-0.3862537097404799,4.350577462807702,2.707773176182585,-3.827712974837588,8.610323646196013
-0.20127366042419811,4.32200599765946,2.6857373079201294,-3.5195819095951646,8.656731283063532
1.5371481650115204,5.250869890759451,1.5564065313707434,-5.173054310169968,10.667875666797787
-0.47135141675777004,4.975971881433626,2.7486285511317665,-4.798509907599082,10.33581816097334
-0.6113296518156341,2.3439048252368337,3.2455999918877225,-1.953350738983096,4.425970725301635
-0.19357492182808456,5.259833387979893,1.69167936352436,-5.762103249651866,10.917815389627831
-1.7900430928171516,6.332451233354453,2.171065171809181,-6.613186616469931,12.607576885905901
0.2885343391245731,4.301280521159407,1.2028639948578843,-4.252725697996536,8.660351279312852
0.5808517259989826,5.22519633857795,2.2904791342175805,-5.22642744383084,10.137406113699566
-0.1606150382202332,3.097248994414876,1.6430517943811624,-3.3509523081414283,5.843812213491061
1.01283362690911,5.431983433664779,0.7022199918599226,-4.841129892026972,10.482206087638009
-0.4419919004347331,2.6988435374861566,1.0344574354079268,-2.296406291516793,5.128929932005721
-0.4247600143853211,3.5816358315821586,2.174159045388276,-3.5389673411702716,7.254539848385071
-0.18899203684009455,4.719889338610027,0.6366505865503673,-4.324558492011952,9.412237768971844
0.6592922763986248,3.5775094966932004,3.4844813567654738,-4.149273937758745,7.110505262240586
2.4669910002841022,3.3549808098931386,2.0162589186217454,-3.1538081255532493,6.514160315381932
-0.7083000343182827,4.6019419388253375,3.5284207384615973,-4.671874645067317,8.785002472459006
-0.9738061586140334,3.672815898331759,3.9833502152610096,-3.7210749831556575,7.744285885517524
2.3588706269980366,3.4580014897059392,1.5108645432856465,-3.877608333421568,6.298189085802568
1.3179456406665024,2.923498345872069,0.5797392321553287,-3.050369447482016,5.405921432817159
-0.4099498706047495,3.1651556104165754,3.906723719360914,-3.3871516696473454,6.337122720048531
0.8213934849189148,4.093592304855877,0.7277862443477026,-4.544671386036941,7.944367666937954
-0.9543687507087558,6.044599645384956,3.904132507085918,-5.803184630966273,11.856027541079388
0.8087287044362319,3.4724807675317995,3.481897624293535,-4.0329216803935655,6.663426320972392
0.7648259887884524,3.919207375411324,3.6798912977727505,-3.8854838664405844,8.51125598982589
-0.9181530995210209,4.537041308520237,3.944735712216397,-4.592505823217369,9.165554208483902
0.907084172788647,3.7484072816760383,3.1709222011130676,-3.8572812115945756,7.30614605911701
-0.6297721963772219,2.084512053426416,3.8819469544255,-2.3869798090130723,4.301184206812782
-0.10575838571715888,4.975811488225469,1.505265579759413,-4.632661626583632,10.285469778722675
-0.6973515877519061,6.791263852954457,1.2324652229857507,-6.393213110189388,13.499719058511365
1.4365566751592114,1.9641496271749426,1.5656115250209544,-2.7916394010699914,4.4717622111454745
0.7335726366302932,5.821136316639746,3.7517285792395545,-5.896532989132111,11.71448832424723
1.392102150624144,3.635048583738371,0.9485725138344807,-3.974404329077102,7.258066471867232
-1.1106324781430355,4.26725176615554,3.859745526365295,-4.58639963729175,8.333185828958543
-2.0289803830903628,4.122944727840107,1.580620582147641,-4.742619941310535,7.618081018366793
-0.18393572986922807,4.313335410070064,0.5447666187697591,-4.749138123919894,8.187732584431998
-0.3018779166389257,3.4880831670477184,0.6345786455807607,-3.6553848802819973,7.017165600512528
0.39529665829338095,3.16845270206993,0.19304557842884895,-3.2294216212591236,7.297816084141511
2.24685819648786,3.386542555786619,3.9175068881411734,-3.657952625834258,6.996169599066632
0.34934852036045,4.26966948957565,2.464457489577814,-4.109810080249867,8.320832060981925
-0.19908778970399232,5.455788402255468,3.388324780650132,-5.810782452385861,10.667267540059992
-0.45654505714137517,6.0441387343830115,1.7250444962389127,-6.255696201805567,11.40110966046168
0.7117270259436765,4.749018557198173,0.08044197985711055,-5.473505306026877,8.9245257872683
-1.3080896562265745,3.0846753107486844,2.1794821446646666,-3.1780491292478095,6.4055254918081586
0.45800229724404,3.555295460834124,3.6360470079265648,-4.718125128929772,6.682612630563403
0.4585835609730235,3.800690736487702,3.930628330507754,-3.99210023749092,7.417811069782586
0.5507156920570168,3.8939816742285034,3.3744598651186357,-3.625009494489113,7.897110387304338
-0.2254663581639332,4.5620800642352695,0.7596412907243759,-4.886595777530244,8.925496693809865
-0.9449584653810184,4.953115661079493,1.1023904463753693,-5.228094340927637,9.82125345703368
0.25703557869305876,4.856012628664369,2.625890938227421,-4.377306253728947,9.807453553993101
1.539649133187783,3.1769521581525315,2.1316698020476417,-3.5928555310491217,7.206886100282801
-0.04878625943559857,4.292623643504418,2.1302881707281953,-4.510815094112434,8.317747939197933
-0.8173929118955171,3.7265737448495306,1.5455051361697905,-4.2874224191697445,6.578967180835277
-1.7408742105119304,3.797388744991228,0.2500727972479404,-4.698387315385416,8.075811287164976
-1.4949960211431221,1.8657256149777952,2.353825115813679,-1.8051884793450226,3.385085971048737
0.8037223855388628,3.094570891189453,3.0571642603580997,-2.669124674454807,6.675220228582112
-1.1672198225556187,3.8844207568137383,1.3338951933111955,-3.7853906983831784,7.947116327482692
0.026438900387119983,3.7982987660588496,2.173163456024975,-3.6988112057278486,8.151966411409914
0.8172133338977596,5.15799158098528,1.7812176806999074,-5.027711050698732,10.376473008289594
-0.06108835166176659,5.0936008915132405,0.08626015176003454,-4.830389573627365,9.868832217977324
-1.1608568379082274,4.3443702116057805,2.7283795780331235,-4.576064899681222,8.854627770760956
0.266392897709052,4.0181146920588935,2.481965212353261,-3.9339311477445165,8.109152581671424
-0.3873518020219249,4.008709762556576,1.269814085668747,-3.656857526596614,7.895658015312927
1.5907315583677115,3.000151636545743,0.8142666506446345,-3.6044428746623036,5.604193901342278
-0.7909858732446098,2.1156008627676828,3.1147849808156,-2.732564576752252,4.728316820303433
-0.39893694065516405,6.238780724221709,2.1511691804317303,-7.3488253694682175,12.779753065204856
-1.1926646801504899,3.1963157262686432,1.430236318686275,-3.6339944043614976,7.333704376744468
1.850859038246867,4.490650891612954,3.986988230275244,-4.060832861313133,8.34438490686846
-1.1270230792958142,2.944895113812799,3.5640807062253685,-2.720629234136126,5.858212809400237
0.9044142538264114,4.416480844575124,2.724271491557024,-4.739158220398691,8.868798336003472
-1.2793104056505769,4.794284170413971,2.3920399337204845,-5.043492731423396,10.168196255043062
2.0288320519695664,3.4041330323427443,1.7743706442849705,-3.472223909205036,7.601271878300091
1.20981148350146,3.687915719397165,2.9837525788740415,-3.4805823050258993,7.432879010940734
-0.7608888065387677,3.579416742306196,3.0317033268131204,-3.7074315063644305,6.91837479917067
-1.7698893390020811,2.2035297863192214,2.7672552841071583,-2.089555447822894,4.02142418957704
0.8238535451776167,2.7923923569661655,0.5991267958160562,-2.8825630960016717,5.263414295951236
0.4735927945366896,4.464190394667488,0.8272153545876582,-4.858097439526544,9.319783499235484
0.8507625176312774,4.80220146442153,1.5075885964898266,-4.455886064245161,9.150012181127035
0.4692188895244657,5.633300218029039,3.6693679648155904,-5.410028403192815,11.503746020315887
-1.2073176288450795,5.77860406314914,2.583316386334791,-5.920278358605895,11.59657829240927
-0.45979991444377044,1.8416750628942609,1.4875323620217342,-1.6200812403129052,4.069110019387008
-0.9636434475844081,5.69348685633928,3.517506552995853,-5.926618021155245,11.647147414394079
-0.7254618416382248,2.115005816320919,1.5680722878643896,-1.884355154058809,3.9551167037174975
2.2550022398431664,3.2123452817302005,3.426765046005257,-3.4180887114524676,5.977496258426719
0.10217332422667103,3.953168961175157,3.123672659109956,-3.825178309926684,7.604538739298492
0.21318574887055122,4.32421915552347,1.117469624664031,-4.202763473058379,8.646941406724634
0.9049104337565778,2.330140725719862,2.2352582005446657,-2.4625046555298877,4.791332711856429
-0.6515533456412357,3.135370159354678,1.6943928518750937,-3.2662331976332695,6.410629391814557
0.6484032357415408,3.4582508649308275,1.2803110272343448,-3.5434814514572417,6.454240579849835
-1.2122398442270597,3.6432586375165323,0.7134113606026822,-3.3934646014304977,7.417702249754664
0.7683999036362569,2.531201175825837,0.5217485587252924,-2.2476834199322044,4.545577130230479
1.395700538611934,2.072593013582498,3.775928863816916,-2.5361684868020538,4.870870840877307
-0.1531462381262342,4.938593010255235,2.61368111086974,-4.5734081433940394,9.619361584710218
0.016562283216914116,4.329590011865853,3.730565707607536,-4.752577559944628,8.463394972137555
1.6528100728439061,2.6413886098541193,3.5675291875118202,-3.4561204129072607,5.779782670698942
0.5241793048684477,3.254540234868236,0.41920949811237973,-2.8732583694839837,6.775000718818372
-0.4028539290539561,5.690306028169427,2.1744706184437543,-5.6959933111858145,11.337486329710542
-0.6188503813151359,3.1206126082113155,1.410521210339799,-2.779590923017294,6.677797547408456
-0.5366977876696958,5.397757406217603,1.9959785371112981,-5.506445233290226,10.365933212531225
-0.5300921183400398,4.405393877851938,2.0640220031176804,-4.513197378693994,9.137971060542126
0.5643673785084327,5.070900986784478,3.3919034405848825,-5.365542393470015,11.163954314082364
-0.5589662801061281,4.441912846010845,1.8007495666617332,-3.9560243493920497,9.395052347639625
0.6136567219136043,4.556738271973206,3.5957511610436352,-4.349207173474428,9.340570818291894
-0.9227569538682794,3.6313591875930413,0.3044113856927164,-4.0468314252924475,7.366916803450184
-0.02042098622589934,2.5591419760565817,1.3799779023442178,-1.9494092428459058,5.138846607707506
1.8100058655387177,4.44364358057081,0.6293133295256141,-4.3882899849300205,8.978940483742273
-0.8161291892117694,6.038837425896691,1.587869688362618,-6.247005053832402,12.05292673287065
-0.09560266744646209,2.6066798000496836,2.5074155363755377,-2.2010882029052747,4.759182669349595
1.3310123312389965,3.719423128235027,1.2080351239338034,-3.770838551700073,8.119939599832486
1.482402503547113,3.763228781671291,3.689116333780126,-3.3908344175515843,6.892245793292667
-1.2178465122578377,3.6294378568484458,0.5764424973209787,-3.639232537467389,7.239006981738143
0.5671311717490799,5.136067460717162,3.7582934598521223,-4.745055628896273,9.700850911497604
0.3401833886538925,4.192714970089556,1.5594324106752677,-3.7202189863132595,8.32351520868951
-0.20696361663238075,3.773261222190344,3.2528934151775752,-4.326935313928096,8.04335785314457
-0.597440002122733,3.2040537986692623,0.017951319111174868,-3.3182983431767306,6.849001390457744
-0.48633986697056175,3.5445691307654026,1.6818618185024752,-3.013897828943159,7.27525929744465
0.4798483001287892,5.57220276180493,3.474552637117837,-5.336029622431681,10.95391499955162
0.9446157233646287,4.22781346769356,1.5894832509484762,-3.8228125262779074,8.054585850547669
0.08954833872257936,3.739427427416413,1.8156955653433018,-4.097343259174422,7.536989734198075
0.30166617578839,2.663531017598343,2.1051094078705184,-2.619244200392985,5.0556901381946
-0.28794207466075716,1.4085315568765018,0.104770023021024,-1.0381409118001237,2.862109364870857
1.7135502919727228,3.2905935242610496,2.161113844182782,-3.078634612043885,6.008285217451282
-0.1466516428663233,3.896714855277833,1.8199374032825166,-3.738810192368389,8.235662777310262
0.6902699032094821,4.309202965022313,2.798486743852364,-3.6050973083934625,8.88751535291502
2.2886363531956686,4.081689363472817,2.7056176842426156,-4.140833575404338,8.305352973419051
-0.15352162266122651,3.3589479366063704,0.3054723513141995,-3.231899176206251,7.032967787089578
0.2988365813053606,4.4398747434580725,2.3655101014652296,-5.448845865038297,9.129446148222778
3.1650495192379053,3.8751533874877806,0.4733264110550879,-4.400567937362451,7.656923294699339
0.24621555812066795,3.408837747773227,1.9976086942490534,-3.3125534395545038,6.539475290474982
0.5684852342518019,3.680916986319861,2.5102836733964238,-3.3248955195027925,6.8725260430651165
-0.04877220037859476,4.090713303101184,1.1791137929315045,-4.140712197476611,9.112824915982584
1.5909358953752224,4.004847275394923,3.91984030285513,-4.267108135919222,7.669349250478758
0.4919444162407774,4.76584046125029,1.150879981835227,-4.283184037641618,9.038320178166293
-0.1949307388425752,4.862002560769181,1.559411726223725,-5.530342600158545,9.341198934950322
-0.4952084960884037,6.08020836616171,1.8638236491071263,-6.136776545256644,12.243583935057599
-0.18997088436152518,4.0353945151309265,1.6088494762013004,-4.289755484456148,8.670858606422392
-0.35164742705535235,1.7707522572239465,2.0178513146686012,-1.8339580783131466,4.184927594388577
-0.1391880745890699,3.932628686125317,0.5860731565309263,-3.7767403775761443,8.266732399137329
0.7588632455908584,4.5464542665110494,0.26520221338746364,-4.6165887287588685,8.94031215613659
-0.8668153087107947,5.322964841695893,0.08716347358856913,-5.18308989308637,10.834082308284499
-2.4297541366273943,3.021743361470473,3.2249324136758646,-2.503804472168881,5.602612271097077
0.43970367526966814,4.344267689626418,3.219519139897798,-4.700832221875402,8.688170492229931
-1.765389767171472,3.6067814482045417,2.750612378604605,-3.684687408263342,6.08739989166152
0.31629020618490217,3.922767324160317,1.4393056001626254,-3.5563423773299063,7.567583685645652
0.4044592642815776,2.9946980000609713,1.8727802817038244,-2.9410722911008746,6.17526131853334
1.2832787595155852,4.46807793546704,3.0358245979868257,-3.5334579453591632,8.520880906678782
0.20208113807847308,4.08493717919695,1.4082778751229168,-4.543094585177902,8.022911400596056
-0.5390288785749786,4.887416082784074,0.6059931300126435,-5.00410870216246,10.0560267055015
0.2263645668891121,2.3928036697111903,0.29889561118073793,-2.5014239524259523,4.328665850572606
-0.674096781162633,3.3963155791443276,0.9463674435040512,-3.6355118728720552,6.654561822296316
2.1333298142223085,3.5160572111674306,2.593431535190915,-3.010847106134211,7.311263128451648
2.1741976096191036,2.4431362023368397,3.476686576290056,-2.2067244241597646,5.241965988848433
0.2897499425907756,1.9790911614032356,1.3443271351168247,-1.5716670649004527,4.219237312676387
0.32274006492645096,5.0220412169817035,3.8877094677816366,-5.564587523715527,10.47689073405356
-1.992651814335668,4.05744448889589,3.901789185031854,-4.298868666848184,8.523738918037083
-1.019210459104097,2.1810980813182277,0.2626313599286254,-1.7479654169523522,3.9136872347633833
0.1759545831019885,4.39792458299098,2.692169724282959,-4.646141732651086,10.099613657372277
0.8014333656823823,3.7411442677588487,2.0014569321933573,-3.662701280881674,7.231096401555864
-0.10062664440523394,2.292468099283173,1.4060792337177785,-2.7558365855200155,5.029754628427131
1.1011599309873161,3.5575199855177417,1.5311379722222314,-3.5715470393662496,7.253032119591287
-0.5602706103335049,4.282037418093315,1.4359359005386607,-3.8673778666485252,8.332632078914537
0.850639688485481,4.401650033938472,0.6784388934513492,-4.848424202597725,8.878907511967887
0.6140912693090621,3.587083145080694,3.374286401480011,-3.893934104452166,7.589811636298296
0.413888874778018,5.1789761520413755,0.6610511602665983,-4.920745544586322,10.89434681875525
-0.5100984424344059,4.22026873108435,3.3614554347889936,-4.028651504114163,7.539023438536252
0.7220260897342139,4.10244075763545,0.21753823616254175,-4.366223122152041,8.389881246996053
0.5608203040070106,4.207084525730702,2.8744807913403294,-4.47578050678015,9.060055731198421
1.706733010938548,3.167022967751933,2.169913367420366,-3.1103850027156095,6.0534482691694205
-0.9649277266606858,3.4398842343733036,2.997192978144587,-3.3216183237442616,7.009268527678072
-1.3839562296907078,3.2166016990049027,0.3944883692011323,-4.049850411747277,5.868708971554638
1.7389327129625134,4.644822358505503,3.0575503123899788,-4.98245286702698,8.964008872732395
-3.304102692536727,3.12711617250657,1.4615177655193419,-3.4076376358180287,6.150811561135195
0.62326936132017,4.152437100764072,0.6898865690493867,-3.846679743806688,8.40724640318703
0.9727124725123403,2.1013134142082937,0.1258625757104257,-1.999112465546127,4.140799765586497
0.1963790496988017,2.887362737230453,2.660597501453252,-2.79606400190388,5.521816164087424
-1.1247021467847418,2.2555296047374522,1.9804140525186802,-2.2202978276675296,4.553223110715639
0.48376938790103935,1.4229599160834283,1.503125938065177,-1.6326021023653228,2.7437447670315316
-0.3297224440856162,5.310102179404714,1.8147970811887064,-5.988941943607276,10.174305947266298
0.020086226196572462,6.192348799358069,3.418158230419752,-5.93030352330012,12.076717334471486
-1.0143075019436327,4.790458788485231,0.7137474685155274,-4.9998253781833375,9.144136525735062
-0.24536613823623207,4.591854862002487,3.525987866595635,-4.88284086676627,8.565812537578498
1.1792870459835136,4.242407925954422,2.684855928516415,-4.639887235437095,8.204410112471228
-1.136201634953825,4.990620182697976,0.9431605162253627,-5.149065326263872,10.11069299153101
-0.7097555214368473,3.759060856643452,3.7569679672185643,-3.897104639805563,7.553533953130601
1.3977411618256672,3.9120356104896796,3.759186740698422,-4.292042346939496,8.189804831479677
0.23479190648308593,3.739859397363006,3.8286937022793603,-4.510634675030815,7.605200110119106
0.39389714194884207,4.122992641371085,0.7323102240094839,-3.932872154748004,7.658519952933413
-2.033797783686617,5.537406560890737,0.7776478679664773,-5.55652599005618,10.133652254214647
0.6522281551984498,4.738260258951758,2.7926153121243864,-4.35756174237422,8.544644344769617
-0.8991033060842054,5.330136159578881,3.1925278223291533,-4.4870240566464865,10.725588672968671
-2.105108933817891,3.916484276867178,0.3445047755046642,-4.153540902463234,8.741683186990443
-2.6709138078239687,2.5891343437813026,0.7574845548239724,-2.234187186182259,5.289809659952034
1.4228986328933857,4.202724734397331,2.630336681979269,-4.006072090541515,8.411503806097034
-0.2271330108585548,6.2100867601796175,0.9966557574116313,-6.481073470451093,11.448129941589707
0.7573164022075249,6.068232880019282,2.277119258810066,-6.210554721065028,12.180238355341723
0.2968386575931649,5.52643394154647,0.6773719702678807,-5.846894163789861,10.602344977760058
-0.14293560789734097,4.061327539935755,0.5886260193136685,-4.812216233931066,8.23979688488933
0.9879574801051219,3.8872776394732953,0.5311499043324708,-4.308616449917142,7.116815845303969
1.4379132947192397,6.279836029042369,3.5610377816137726,-6.068233162293092,12.972959101496544
0.960932425536035,4.037934943620512,1.4625868857896407,-4.705728187845719,8.13214988496894
-0.4098938885362912,5.54693884164555,3.6315270455728146,-5.271691246835678,11.64695012240018
-1.4499314279488955,3.9903438926552077,1.03196326871362,-4.747258745555117,7.828167828339234
-0.31930163586176863,2.731940785801232,0.2192644813797644,-2.5546798142771494,4.932326926903854
-1.0561581617364846,5.33746212276982,0.1218928619204056,-5.326138282073955,10.830456921115667
-0.4375227370123546,3.9351005715816205,3.6946813905337916,-4.284418714949467,8.440191338244098
0.749385310455632,4.442275053892613,1.0700239046308018,-3.895903502985838,8.868799315005841
-0.8604385371786042,4.077048741889802,3.977082583534252,-3.615393012618716,7.683332919605261
-0.3373478219897379,4.075590332592409,2.696474703973637,-4.717948808421705,7.575290644533478
-1.997853304078388,5.66959408071685,1.7471491464516986,-5.668434562553091,11.479608633399879
-0.6784242051623781,4.128799594617294,0.7018224388985139,-4.405637764491628,7.511069973257561
-0.6302090248318979,5.20400759279085,2.533261505087315,-4.976326819163063,10.229622191460377
-0.5162811595346093,4.371232644374056,1.478330030051091,-5.091434787099111,9.354130968774575
0.2678218738641378,3.437622914636659,0.8438330285768774,-4.316935140998318,5.795627384616727
-2.237203396146279,4.55272433339631,3.5107009271650313,-4.097522713476355,9.621411555493022
-0.8197865671736475,4.998801317599252,0.5288866463496613,-5.246656561122443,10.74864296351466
0.2486161970833184,2.68470506209903,2.3000266025678187,-2.4699862932337786,5.232017319377721
1.5368818397690818,3.682555426271121,3.3383955911646055,-3.609575295331149,7.24001585845787
0.3231506879475983,4.09680845941968,3.2117437072324413,-4.7822109285079115,8.23232726718853
-0.5843614697589596,5.190050659611399,1.1430817046308177,-4.9108428267173005,10.043112278087225
-0.14006942097287836,3.0846510404785006,1.1616979075539038,-3.170069882823641,5.557498866358391
-2.681240920711247,4.2273937847602445,1.0130256490171101,-5.31770488980227,8.513046305632983
-0.5729017532819914,3.8631884396217377,0.6286744877766797,-3.589874203413097,8.183134655544208
-1.2796816500622938,3.5224667801872185,0.6311141233377469,-4.214003223158606,7.0861877764678
-0.7986835835967717,3.284403935670448,3.59529576151828,-3.57355521295533,6.568321162047071
-0.03945727486367386,2.116107146906483,1.2520532073438582,-1.9486706813751047,4.574694882129927
0.0966638101316219,2.8307850575961395,2.796779542805128,-3.808789407862057,5.532840150735926
0.5569393722452906,5.578662308887935,1.5966209676113974,-5.6955642079155355,11.38189932570615
1.4916292640585695,1.514624670042223,1.3196768578084637,-1.3885277451965319,2.319150137519792
1.3429299760492366,4.640775535977652,0.23383558204259236,-4.616681025910284,9.558313122737825
0.08177778946050314,4.8260273047441125,2.294821666663441,-4.782689169488741,9.65207909650914
0.48504738556806043,4.109853955811619,3.2806292800765284,-3.880363356772589,8.175853530351832
-0.6044076439946579,6.291133123084669,2.0272656525002,-6.533363743081937,12.993923911150281
0.34022101631924023,4.799424399406435,0.9190992135269407,-4.944650392496789,9.29720471443954
2.2330055463085112,5.547824771028032,3.7502801161724078,-6.18284098275034,11.132897313122497
-0.022572501411066658,3.6892981175375383,2.163411122947604,-4.173576563727294,7.117257305925003
-0.10626005459380167,2.931632173578185,1.96794652823763,-2.6735242043550844,5.283003818430305
0.7343871379565737,2.2719941587207857,0.47868010746650924,-1.8990907484525377,4.4683315647563555
1.3628934638642334,3.050812879449563,0.7016071473299337,-3.248060052505388,5.8966985296914975
0.5356323591614994,4.355733011127009,3.1915113226436413,-4.107624422936993,8.960268808736815
-0.6310158812077908,4.081991696346199,3.079407274040014,-4.2531864487345326,8.516329213029316
-0.18838097046629512,4.23448761721396,0.26588926912055566,-4.748954823064066,8.303252970859162
1.229891343216727,2.6486193322686473,2.78122280582076,-2.4817833413230765,5.326248219362435
-1.1920676941312593,4.387267092036957,2.030679646918098,-4.681646403506875,8.557209691401425
0.5187594641172785,4.197959706473439,2.9423943818782514,-4.282297330445681,8.412088176514988
-0.26578513914953045,3.3997821836277424,2.6367840735834305,-3.1202401339565213,6.860794063358177
-0.6046679453424497,4.150607737816102,1.5815433649494404,-3.3090145071313106,8.254563279827025
0.5227661576812183,1.6376204445368372,1.1154813625918893,-1.9235749850007984,2.730009596672515
0.17233162563840929,3.5126313885630758,2.521566968554805,-3.4558553682454836,7.556965465910515
-0.13717288907064337,4.148367499554763,3.938238270043323,-4.805152221440206,7.639732734399551
0.25624833413304815,3.3321390588606157,1.812642916740685,-2.5168613281982455,6.4127205668976845
-1.4172704297653205,5.299615883443068,2.4737063736547418,-5.305998292293339,10.358151436662505
1.3973401667790812,2.559076003771805,3.887936331731014,-2.823116581177884,5.014368498482722
-0.7314950147803435,4.217203010405005,0.7946632132885831,-3.6292506124046886,8.647707232397996
-0.13828215596274135,4.448431222678162,3.0613555606705956,-3.9284282942063387,8.557727549661706
-0.19785982785765657,3.0933820395629597,1.2106868320045874,-3.542320073409104,6.5673060982367915
-2.1357751370242135,4.55066838627031,1.2712634193735641,-4.935839993548708,9.805974646607769
0.017556615920211547,4.6337964654824075,2.8094931407035655,-4.677639023643062,9.570327301583497
1.4037367077637173,5.032231943772122,3.061548630943714,-5.258964997023222,10.594123986582307
-0.4871320398886891,2.664019110298293,3.2441334847248715,-2.3898071600659367,5.607692813338739
-0.5822213434762907,4.707518970904616,1.4714103715783438,-4.277745911903255,9.630001397319987
0.3348942193385964,2.4110909881599856,1.8884842270321731,-2.4127327841827175,4.981439572229542
0.429160226756089,3.5804653016190056,3.8874800892065053,-3.96142684267428,6.629434069337724
-2.697890221533365,3.333934083608951,1.5083206190041527,-3.163744575169497,6.773411864082072
1.2845705746358709,3.6228981852131503,0.3722032426052593,-3.6815003199193104,7.082864336494504
1.287678204748558,3.9549337171245935,0.9443420340008171,-4.326467335940823,8.290650348137623
0.4837951158024759,4.2379701603671505,3.804927665237245,-4.3394523392961695,8.982221046121527
-0.5531968088267363,2.8324156321156604,0.9098751591733407,-2.8477574830023586,5.351275823640231
-0.7617293513094447,4.206175415094301,3.692854491240602,-4.611550053106067,8.347042258527306
-1.0481438055116694,3.750819999062905,1.666327005925191,-3.7904850406896102,7.3054365971151
0.44270910616972214,5.230667483137519,2.2007475090000566,-5.676878213031149,10.653820784736705
1.251422632546834,3.098431152566043,3.0116977784018646,-3.0664767719188317,6.707936680804515
-0.250976101136954,3.9216838432091543,1.0005570224235987,-4.102218897396075,7.457591126901748
0.378604531240955,3.481607268173893,0.9805265430404573,-2.7263968807146424,6.828390345298151
-0.5287727272559768,4.251668420005631,3.6198095292689856,-3.766422924753912,8.186178411602667
-1.3789900333738414,3.997755138307784,0.2579341849945851,-4.098681309853303,7.911318651917202
0.2764572159257206,2.529836665264602,0.3300079246213601,-2.855958146760738,5.195894707586881
0.9018836498770755,3.2348517567170596,1.5542324304938728,-2.3819247917050244,6.050420420076134
1.7621767374236217,3.618398827574275,0.07508152380661492,-3.1849697775431904,7.597169108197077
0.11284840611980282,3.353797126163528,3.183297235094211,-3.297919113755059,7.3482011479184335
-1.1169066316256213,5.238143452671478,0.9257891211021572,-5.02906277873662,10.670109947559808
-3.0035027148432696,2.3962772329985245,0.8384417135486499,-2.2466414853132286,4.774043952401114
0.8430988132164635,4.22801719320806,0.5199468323158163,-5.021002012093736,8.552863688016908
1.8121823622898403,2.6848563418839224,2.678336939764309,-2.674689129921325,5.093036992456507
0.24461081940959276,3.329456740355303,3.843158322039972,-4.115536969997795,6.2975578283428755
-0.9637916398820171,4.826272949625018,3.445241673733961,-5.013438889115707,9.918043922612517
-0.03572535628002809,3.31473267274419,3.68702508710079,-3.4910508351379863,6.788285852452438
0.07794482740943219,3.328238998463755,0.18351195916713126,-2.937717034287168,6.663994348287905
-0.7977958916949814,3.164926601940239,3.7404578723314064,-3.119714513323584,5.921457520284124
-0.9433268559618795,6.147227616826813,1.1034741699441915,-6.320860948250463,12.150701661181719
-0.9550859147964,3.3036778593132206,1.667767180067902,-3.0046429812587503,6.403446326497782
0.2302312889205108,3.337677990494174,2.885228959429558,-2.6879704244041536,7.365054569321952
0.35277283925437464,4.452931351062294,0.10954695978867868,-4.171800608141794,8.856415348493114
1.2105000672998796,4.005778566065689,1.8406238857091792,-3.938247503814606,7.851378013129301
0.7216875433587568,4.425067064607344,3.3169829043257812,-3.8644306371121475,9.016995229179404
-0.20154309899598738,2.9420074135470524,3.541576445242326,-3.7558785338517287,6.1738082933258625
-1.0529735011174437,4.714994801223398,1.3054054299455995,-4.1465394627589225,9.184596014166354
-0.739779266894296,4.277885590618705,2.8650336538654813,-3.9688286862048425,8.778165158903695
-0.09488678889860576,3.1954474071809216,2.475263379742216,-3.4628082247433007,6.6630143437937255
0.8159404018783752,2.9879977215384423,0.7526238799966385,-2.6484742522259523,6.068331202559833
0.43662074483301827,4.504711075734154,0.34278264124680735,-4.559201569057588,9.702210979445038
-2.4614110678329713,4.316607648949904,0.5886141523191379,-3.807475810543317,9.036713372359468
-0.6406923958589134,4.021193668182024,2.1018300877907024,-3.9035147770516767,7.462115177511634
-0.9801990794599051,3.315571008261135,0.6330721951110152,-4.295227711822534,6.86333251587198
0.7885161754638089,5.607160518753816,1.0051761158351282,-5.9272206224499335,11.298218409944669
0.01824618371263769,3.864575687009277,0.0043595845186463755,-4.228615520957739,8.42501491953874
1.5658480965947024,4.817022870516561,0.6574853063745114,-4.283993620362489,9.508400662101485
1.1801024358693524,2.9048856110010832,0.6855226323086328,-2.6044097987985624,5.34096630214995
-0.5073349032193086,4.307767753664133,1.5110491660424348,-4.2687763882556276,8.602356828341698
-1.427585173243457,2.776005183882956,0.06536815862295642,-3.6865573681157398,4.3277068663960785
-0.27937032280000446,3.7226073991260504,1.4031333382927569,-3.456005664515024,8.205715940623243
0.7867720369348989,5.626618706202966,3.4327177811130163,-5.069503068349807,11.191310954811428
1.9804746560579591,3.726530723820769,2.6333891987614835,-3.9698833198097248,7.3540548008890605
-0.30149207215316237,4.109676357823548,2.4492587114475324,-3.919360499627106,7.9589991550231005
0.07930998258010213,2.6895961083886273,0.8219903947055824,-3.48208756134321,5.064833909602036
-0.9839906224834095,3.2391645900570176,1.250865510818873,-3.0874255255806857,6.314015860733026
1.1271507694128142,4.070425426910666,1.9668143359379027,-4.437930603492044,8.572442397605805
-0.47534829285241426,2.8789512228090057,0.7823226100339404,-2.943752330213486,5.600076463257039
0.8790303212267256,2.3890427276377233,1.7131859284146884,-1.8677357548173337,5.425664322616256
0.8382499302611803,3.8371703456809994,0.48079368340069184,-4.315820571095824,7.644378462770317
-0.32178442449464706,3.9875502103510154,2.3456281377036006,-4.137473979876792,8.404022449849332
-0.16966676679088308,3.419478887514354,3.118397285964043,-3.3460873276391876,6.679202342611666
-0.5702348164055134,3.3387637615766383,1.8724145511166417,-2.6731926936121644,7.131968219597504
-0.7456892433024472,5.2445333183448595,1.7223652007245773,-5.67428853017896,10.941410108733143
0.6508307797898508,4.16879692590744,1.6151788775683356,-3.723300434926588,8.630271127024466
-0.2567684661317765,2.1958447160622656,2.3623956340522345,-2.346771361161399,4.368743299069222
-0.7398357936693972,3.9990559749600476,2.232462655674693,-3.933607701651609,7.525704429704855
-2.8498699198605757,3.6712835198176097,1.1107104154146956,-4.199989353197138,7.393453275173588
-2.686242758468421,3.8017057342346225,3.7583525975151053,-3.584285895117155,7.932163749914035
0.5338009612430151,2.3841172409874645,0.2645456572108307,-2.1225453230031897,4.882288657763822
0.38580949993913144,3.1255914826422595,2.406113230320514,-2.3958467068545595,6.2112542573884495
-0.12214344582715618,5.3394328266898805,0.2991131543728702,-5.550354433452441,10.602554589776993
-0.264963488115998,2.812651261288714,2.0044759546901334,-3.263050218748578,6.10467652910513
-0.9820404283716969,3.910070506455716,0.5477374848374046,-3.6512711022276867,8.135142418493588
1.6623557647557534,3.8944637610354396,2.0186424830584486,-4.313073381817187,7.931468878726426
-2.1356214934843822,2.8513400633881814,3.9984746004795726,-2.957500641978745,6.155667002806375
1.9945449250970413,2.6152825184305675,0.24507366061349778,-2.6479476166711335,5.123309219738772
-1.963981363625205,3.118596333596925,1.3730629092591298,-3.2322569093802405,6.13358978742785
0.9352613150908449,2.1096014060893316,2.1059723323678914,-2.273190320651012,4.672465318659413
1.0042002236165115,3.797749106025809,1.6346850753293238,-3.5898144945774426,7.432279641160187
1.5491031199962564,2.8509255566259073,3.453867338231838,-2.62711750697821,6.175650329100736
-0.6152882654586748,4.756644326864259,3.822480511204943,-4.745086020375075,9.891501429676408
-2.290003195858786,2.8795069647837277,3.1198788235752253,-3.006667576773066,5.823998570563785
0.910047006731507,5.749998410073328,2.7900636134843984,-6.290367775155767,11.048059746792998
-0.36078578141392725,4.2507865252616455,1.8888218209591816,-4.608549570315796,8.059163780891039
-0.06029324479652746,3.508149883444711,1.1266943978329729,-3.1115123205869106,7.643573360367712
-2.699347807212413,1.9771636721159749,0.8720057868245088,-1.8236531720586142,3.901770539537661
-0.6780563341787827,5.12900845491195,2.575137187082938,-4.855749738997197,10.630114834608783
-2.055057291981497,3.726824215387069,1.5947989376348035,-4.228755268525028,7.570099449446293
0.07276650167659865,4.298294381946389,0.21619198815202667,-5.572584000975811,8.756805026482768
1.1525301413753908,2.976907088517498,3.1524022737151767,-2.965017884247722,6.112858913208861
1.6227679768723318,3.345457349759049,1.9142190825233447,-3.448364044987389,6.379026151129977
0.9415320103695718,3.0983018488275755,2.7481313523777775,-3.380722773348842,6.153462847830276
1.0410040456673204,2.4845851186619208,1.1047457009270616,-2.7215849163631978,4.453570871557776
1.215471437570455,4.486606904831208,0.10302973933716375,-4.567807328957109,8.974991897015153
0.31528278634036483,6.068619353309007,3.0255686138967763,-6.276435218591898,11.884001832373395
0.525183045221835,3.342862279657695,3.5748338014517462,-2.986217208701936,7.221980660663432
0.30770622604191905,2.445799149581447,2.8349900329957176,-2.194003676845144,4.706093294838873
-1.1732481842514826,4.754799826780505,1.939114279335516,-5.276407344179977,9.536408626328539
0.7394816824773145,4.789342237985851,2.6103434505344287,-5.198624145290921,9.710568040639776
-1.1460665096256157,5.300473578782377,3.1748525353954067,-5.748506410662418,9.99576271226995
0.08102337821432744,3.582273729805728,2.6341988847311075,-4.0482444687563035,6.664344963475004
-0.4851333000520299,5.067536847110111,0.514050671857563,-4.863864558120007,9.1881398473648
1.1982735344089714,4.2808126753404,0.6063983186164354,-3.5846008230402386,9.026630962129442
0.5992368857091437,3.114614156065917,3.9752531172093697,-3.417001817826473,6.93344157984174
0.7515994802852883,3.709856741873719,3.793056522766159,-4.0417815530861,7.2050485859533495
1.6476022021064707,2.5576515198925773,2.605893440972538,-1.7886478067453488,5.411265590820182
0.40470648062260633,4.578246146951939,1.5757176948756548,-5.237878139541868,9.47433212738437
0.8672446097684999,2.4021005537746585,1.4153416111209771,-2.5538871112638226,4.72037137863135
-0.1580555399833407,3.7257427776373335,2.269608699240919,-3.833578754226372,7.185017202207298
0.004497012669612616,4.075029287095384,1.1182811634753653,-4.379461659454008,8.002961504908326
1.3926146183466181,4.549924514268112,2.5278707166716363,-4.248452184912669,9.426151440842109
-0.7567305318972752,4.6366245890829365,2.7584120442434226,-4.555000263674921,9.317644613295114
1.704786545509696,3.8372574773532335,0.7606862383507043,-4.227772173371619,7.523232975427038
-0.22423400143600497,3.2529599357490877,0.05680712432091717,-3.2151809915613185,6.595318429732585
-0.5390698257984127,3.731773883906422,1.1505141808919652,-3.3257231535169054,6.572357375706913
-1.1418904896772342,3.471784702947665,1.8907481372843993,-3.289350284488004,6.984424015709563
-0.6973785866453326,3.1675004180422075,0.7932137723545569,-3.1160465938537167,6.4588946729250685
-0.2709991189449993,2.7922191031854844,2.607405690106242,-3.056029267457583,5.893423902858958
1.15151706406396,3.8703058397403334,1.1686290803127846,-3.1943497365062337,8.321546248276155
0.6797272131033588,1.5006845471309989,3.4533494045251856,-1.46320290168277,2.9489233999978937
0.7081736606284025,3.3665251422398574,3.8081400300630524,-2.959450235713407,7.052220162085851
-0.5499686073753707,3.475153124947579,0.948061622427165,-3.4764213902483077,7.018856743302452
-0.5585377095107358,3.396929303916915,1.2111738795569522,-3.2567984871354216,6.386365665667038
0.8057543473816142,4.142014351477963,3.8100856850512055,-3.661513500307491,8.619260766214554
0.3035248730105289,0.855805067383971,1.7334662537181273,-0.825772068320204,1.8481766622587437
-0.8086318269156623,4.015285921790506,2.3941629207825246,-4.380619523080388,7.719260760286843
0.2787563247199935,6.026046228397412,3.7221292575464604,-5.724087798166483,12.318636158973618
-0.6479076414787581,2.701489027490223,3.497645961620843,-2.351558789379989,5.400785640720999
0.7989279435344877,4.455726205355293,1.2999547128406865,-4.7833235947855695,8.745578014788782
-0.5270095598273459,3.6214666148941412,1.3650968948191307,-3.032664099967427,7.887387392936306
-0.9853735187517191,4.424900725336805,3.5574384353527173,-4.528871519803531,8.561239576739737
1.0591754806445377,5.660700343848798,0.9102125603359457,-5.65675413265122,11.136198565028963
0.1837191218650346,4.642767820426377,2.493810917432705,-4.8425295504769466,9.20615814133126
0.4033913156697088,4.835093209821248,1.4102091447187592,-4.843479385924831,9.790354795407659
-0.9459148713293187,3.01253351404596,2.5937023755459956,-3.047152550158831,6.70195790489056
0.10490337044967361,4.372335097034759,0.11473905075244417,-4.769833155835642,8.70759646451501
0.4102717397745909,3.5022861529000635,2.8079300665603877,-3.1754759912172434,6.290539030767878
1.5275446657582858,4.19431925028063,3.7415083347730715,-4.501066503688794,8.24122577556749
-1.5435361659554079,4.643735798020382,3.1070513019554817,-4.652116603187805,8.9277996767624
-0.6271546419127899,5.01523783918474,2.55107043046185,-5.765598352218049,10.548338985756285
0.23877324012184997,3.3579535684100086,1.5610385264547229,-3.7350480025203656,7.0745583143582795
-0.7803165428537434,3.9200438119905945,0.45642121554994075,-3.8829038141865637,7.604613718340889
0.30559522945196477,3.7671000593045325,3.290771709715254,-3.2633720659388126,7.341656289540937
-0.43386347298206057,2.1350314338097975,1.5409729873200448,-2.1835968656047045,4.414072706481869
1.200383537077037,2.8335715631060667,2.405583454824714,-3.8008755301095403,5.680816050575239
0.37195865311088944,2.468702251143851,2.684239778737321,-2.7666209186995423,4.47036459444219
-0.7562427220635985,5.190566123347629,1.3192710143404756,-4.836430291609455,10.65871555121711
0.9032221482891173,3.2361664455884602,3.4196763984602145,-3.4603196645955707,5.77632470742581
0.8602784893991102,5.125375572713335,1.9864067206923428,-5.082205667183524,10.191926637348326
0.42083104800727444,3.818208252775672,3.7879848902006423,-4.294245924522173,8.258135850918999
-0.6291761341128834,3.7916704400142054,0.7006133609312273,-3.6772945119931593,8.500608276386723
1.1543711184042138,3.1696899371299616,3.6913186459657465,-3.2287130727588385,6.007809153095302
-0.18388319375128942,2.841095030644907,3.0006354733291345,-2.715212635824696,5.584856642447928
0.8601362539830257,4.073631916800324,0.9845211155059261,-4.567192347498337,7.768331104728233
0.5542807562651925,4.636203559512154,3.789671037655228,-4.96086642297365,9.775708395207586
0.46842410955062447,3.2707711898934675,2.784422540884246,-4.057801977952436,6.193848388486547
0.4534202147196268,5.147003321702409,2.1386067299463423,-4.621176646831745,10.196296596626013
-0.8225498690677846,4.683179080312986,0.6803145459758158,-4.895224653548888,9.292022334582954
0.4786842051810132,3.08482003776361,3.5754762848813666,-2.8029107438322325,6.618610328556079
1.183426998763725,5.324246258283971,0.6377258521238183,-5.679613929207279,10.665467820928201
-0.6250236111128611,4.725641099528165,1.971401611154401,-4.579701593154717,8.891795556875607
-0.33228327932490836,4.3687594925905024,3.2771040840121364,-4.289623785151525,8.802023728108585
-0.18858526422505487,2.8486799287005957,0.3798875170033895,-2.7966218503539566,5.377168194470167
0.9969422809759544,0.8460757903148326,3.1029003903553334,-0.6636772409200498,1.0018487244150083
-0.25568733508132013,5.009944997090442,2.2101194537424846,-4.270791173515192,10.247335632366783
-0.6960569844057787,5.071833669385258,2.880967401586153,-5.931509049013598,10.814549417477254
0.2806594619274168,4.058546450178175,1.8234582805192865,-4.272915594442521,8.210483068257272
-1.1746580036329004,4.956940441143083,0.7865590403789566,-4.736437585135563,9.984828113704697
0.9661169780706543,1.9086193591211345,0.278748717105493,-2.6076484427492077,3.1175496227584705
0.4374635786214748,4.417555319337245,3.7619968917685993,-4.930316751817386,8.86956479801241
0.9876137780368425,4.289372346265446,2.2577716022121646,-3.8002244286940043,8.692470908554107
1.7448117891646364,4.861341990610498,1.2673952053354753,-4.996375427484701,10.266015381501392
-0.6749242213295814,3.026545603578394,3.835294369248045,-3.742615202756082,5.9698783685006225
0.33174434895829663,3.516789665098187,3.3545394110125493,-2.9107722762483266,7.155545426004827
-0.559138402553867,1.9478200683383582,3.197518234010908,-1.7480920615506952,3.3913167344599984
0.351415092897846,4.422989290991099,0.30884097715158054,-3.7827824347464016,9.090081421780274
0.37151537020321934,2.852108187267167,2.7276116042298835,-2.989520273769605,6.308584283418872
-0.9080523277019847,4.387907357596485,3.3913662048972952,-4.472617702735028,9.325665265607766
-0.37186601390188767,4.4570468639055525,0.3416086107547942,-4.809876977471334,9.456428035647004
-0.828914054457095,4.036590645157719,2.3691317522770268,-4.219353340046142,8.34389933875562
-0.7318068323670026,3.6184058017094083,3.0863592571327314,-3.443451195951999,6.872868850120452
-0.47015635238767917,4.810919815031601,3.9935054200465365,-4.459228675590212,9.392634921749867
0.5348863410965612,4.218694904930912,3.5440276368930297,-4.490829707493275,8.458418430691095
-1.9600958736803633,4.674836176631377,2.5188670400650466,-4.21391600716475,10.22294386277339
-0.35521319582119015,3.8442085014821195,2.5794779666749474,-3.1366637852302217,7.565703770038854
0.0675861264828263,3.4913461414028952,3.651865908424486,-3.56510873513956,7.181129748998848
-0.3070544703237021,5.370458239976059,1.919573662990298,-4.938160745786628,10.96886984812715
0.6719142730967241,4.628879227034702,2.8699788492597453,-4.751788569416119,9.748411847293166
-0.14195559524552814,3.613127823838667,3.751180465831938,-3.505738927412604,8.37677738820354
0.5049470025779729,4.365513449812229,1.5894564800160267,-4.60803664732683,8.764124285654589
-1.1351492609643197,3.981545896352583,3.4262387879762914,-4.4292208666907955,8.497238857692556
-1.7553484068638245,5.417665738230647,0.39287380626378443,-5.688126917916658,11.256201771545983
1.4278857327592016,4.383105253677904,2.2804680547379728,-4.417660335991899,8.89158268441919
0.48281964486627427,4.977151307187314,0.06748898510908141,-4.972913818453544,9.752502326437163
-0.8317956313580095,3.2842808325741415,0.4921791825376447,-2.9495058800617153,7.11371638853903
-0.5760819439813969,3.2538096981498343,2.1155130468652077,-3.102731999067268,6.237584736497213
1.2665548788708774,3.2402569260933283,0.7516309514532287,-2.7997606069035403,6.323437954990688
-1.7924727035790118,5.3670885922354925,1.7938484311561633,-5.440265829319213,10.41801385086878
2.077517699222134,4.062495563566457,0.9930653370021281,-4.762686009530476,8.220850039110653
1.2013689571138788,5.967444845144948,2.3527740261510517,-5.468447331008223,12.175208874217994
-0.7310971061507455,4.168634061277221,2.354030611270346,-4.597020675362659,8.477625747713882
1.887350891090293,2.433724910443704,2.7514141440941744,-1.403620677953768,4.592349282481825
-0.9027442443143586,3.5400887671543577,0.13992986330216706,-3.302753566298577,7.137236025087213
-1.4078907824719928,4.577799649315413,3.8314075371683174,-4.87286879822719,8.795191842137928
-0.020500211820492782,5.074397277069792,3.1654955197087578,-5.048422318365139,10.430955260237425
-0.5335560319832054,3.3401192784806226,1.1712866603621603,-3.584366207911187,6.32925554072424
-0.2886682947417085,3.6842196016532736,0.746088839306605,-3.746181127044474,7.474567183522799
0.7558594184683926,3.7457347553791798,1.3345759409616718,-3.9532827656829044,7.678832061756645
-0.3788731916377883,4.736280436478695,2.1801413790434694,-4.251138195829085,9.311736228999765
-0.05522622906201332,3.619398521882189,0.8468959647254235,-3.162755337890673,6.020660070890788
-0.821942814055541,3.082367746619989,1.3820332031421945,-3.1695862383716085,6.430701811065799
-2.411842921576051,5.345574641234999,2.8809277074925723,-5.020815275708882,10.418334400132
0.11588960479430613,3.3718075271014887,0.8273944349766689,-3.0685948951050945,6.453081871551357
